big_occupation,company,job_tag,job_title,job_url,salary,small_occupation
経理・管理・バックオフィス職,株式会社 Warranty technology,経理マネージャー／マネージャー候補,急成長市場『製品保証サービス』の未来を創る課題解決が得意な経理マネージャー/マネージャー候補,/job/75160,500万円〜800万円,財務・会計・経理
経営・CxO職,株式会社 フェニックス,経営管理部門営業管理課（スタッフ～課長候補）,【経営管理部門・営業管理課所属（スタッフ/リーダー/課長候補）】経営管理部における予実進捗管理およびプロセス管理と構築スキルをお持ちの方求める！,/job/65989,,CEO・経営企画・経営管理
経営・CxO職,株式会社 バスキュール,社長付きプロデューサー,前人未到の自社プロジェクトをともに推進するアシスタント募集,/job/83959,500万円〜1000万円,CEO・経営企画・経営管理
企画・マーケティング職,株式会社 ネイキッド,海外事業開発プロデューサー,世界を舞台に活躍！海外事業開発プロデューサー募集,/job/89172,,事業企画・事業統括
経理・管理・バックオフィス職,ヴァンテージマネジメント 株式会社,【経理財務経験メンバー】,【成長率140％/今期は50億へ！】成長企業の未来の経理財務として手腕を発揮！,/job/78161,400万円〜700万円,財務・会計・経理
経営・CxO職,デジタル・アドバタイジング・コンソーシアム 株式会社,経営企画スタッフ,インターネット広告企業の経営企画スタッフを募集中！！,/job/56136,350万円〜600万円,CEO・経営企画・経営管理
企画・マーケティング職,RESTAR 株式会社,営業・事業開発,【営業・事業開発】不動産・地理データ✕テクノロジーによるSaaSサービスの拡大を牽引していくコアメンバー募集,/job/85390,500万円〜1000万円,事業企画・事業統括
企画・マーケティング職,株式会社 HERP,マーケティング責任者,あらゆる方法でHR Tech SaaS企業の売り上をを20倍に成長させるマーケティング責任者を募集!,/job/85144,420万円〜900万円,マーケ・広告宣伝・販促・PR
経営・CxO職,シソーラス 株式会社,CTO候補（開発マネジメント）,【CTO候補（開発マネジメント）】AI・IoT・Bigdata等の先端技術をビジネスに実装していく為のテクニカルマネジメント担って頂けるリーダー募集,/job/78355,500万円〜800万円,CTO・CIO
経営・CxO職,株式会社 EPARK,COO113/EPARK事業責任者候補,【EPARK事業責任者候補】インセンティブ制度で頑張りが評価される企業！あの予約サービス提供企業にて責任者候補募集！,/job/75797,800万円〜1500万円,CEO・経営企画・経営管理
企画・マーケティング職,株式会社 リンクアンドコミュニケーション,事業開発・事業推進マネジャー（幹部候補）,"【幹部候補】3,500社超の導入実績を誇る「AI健康アドバイスアプリ」で急成長！社会を健康にするための事業の中核メンバーになりませんか？",/job/68860,400万円〜800万円,事業企画・事業統括
経営・CxO職,株式会社 リンクアンドモチベーション,CTO,【CTO】モチベーションを技術でハックしてくれるメンバー募集！,/job/67207,,CTO・CIO
経営・CxO職,株式会社 リーンジャパン,CTO/CIO候補,【CTO/CIO候補】サイト制作・システム開発内製化のトップに立ちうる方、お待ちしています！,/job/76611,480万円〜,CTO・CIO
経営・CxO職,アズポケット 株式会社,CTO候補,【CTO候補】急成長中の大規模ホスティングサービス「mixhost」を展開する当社でCTO候補を募集！,/job/86161,700万円〜1000万円,CTO・CIO
経営・CxO職,株式会社 ＣＵＲＵＣＵＲＵ,CTO候補／チームマネージャー,【CTO候補／チームマネージャー】 成長中！ゴルフ・妊活サービスを展開 自社サービスを牽引するリーダー募集／名古屋,/job/78376,500万円〜700万円,CTO・CIO
経営・CxO職,株式会社 Azit,CTO / VPoE,【CTO / VPoE】◆急成長中のドライブシェアサービス「CREW」◆開発体制強化に向けた、組織体制構築をお任せします！,/job/70052,,CTO・CIO
経営・CxO職,オメガ 株式会社,経営メンバー／CTO,【経営メンバー／CTO】世界初の広告配信技術を開発中。人口知能スタートアップで「経営」と「CTO」を共に経験したいエンジニア募集！,/job/59643,〜1000万円,CTO・CIO
